{
    "servers": [
        {
            "icon": "/static/iconGame/cs2.png",
            "customServerName": "",
            "ip": "37.230.162.243:27015"
        },
        {
            "icon": "/static/iconGame/cs2.png",
            "customServerName": "",
            "ip": "146.19.87.18:27015"
        },        
        {
            "icon": "/static/iconGame/cs2.png",
            "customServerName": "",
            "ip": "131.153.146.62:27015"
        },
        {
            "icon": "/static/iconGame/cs2.png",
            "customServerName": "",
            "ip": "46.174.48.224:27777"
        },        
        {
            "icon": "/static/iconGame/cs2.png",
            "customServerName": "",
            "ip": "46.174.55.113:27015"
        },        
        {
            "icon": "/static/iconGame/cs2.png",
            "customServerName": "",
            "ip": "46.174.55.134:27015"
        }
    ]
}